Genus;Species;Subspecies;Family;Order;Common_Name;Our_Name;Name_In_Tree;Sampled;DNA_In_Tree;Extinct_Extant;Status_Species;DAISIE_Species_Status;Remove_Species
Hoplobatrachus;tigerinus;NA;Dicroglossidae;Anura;Indus Valley Bullfrog;Hoplobatrachus_tigerinus;Hoplobatrachus_tigerinus;TRUE;TRUE;Extant;Non-endemic;NA;TRUE
Heterixalus;alboguttatus;NA;Hyperoliidae;Anura;None;Heterixalus_alboguttatus;Heterixalus_alboguttatus;TRUE;TRUE;Extant;Endemic;Endemic;FALSE
Heterixalus ;andrakata;NA;Hyperoliidae;Anura;None;Heterixalus_andrakata;Heterixalus_andrakata;TRUE;TRUE;Extant;Endemic;Endemic;FALSE
Heterixalus ;betsileo;NA;Hyperoliidae;Anura;None;Heterixalus_betsileo;Heterixalus_betsileo;TRUE;TRUE;Extant;Endemic;Endemic;FALSE
Heterixalus ;boettgeri;NA;Hyperoliidae;Anura;None;Heterixalus_boettgeri;Heterixalus_boettgeri;TRUE;TRUE;Extant;Endemic;Endemic;FALSE
Heterixalus ;carbonei;NA;Hyperoliidae;Anura;None;Heterixalus_carbonei;Heterixalus_carbonei;TRUE;TRUE;Extant;Endemic;Endemic;FALSE
Heterixalus ;luteostriatus;NA;Hyperoliidae;Anura;None;Heterixalus_luteostriatus;Heterixalus_luteostriatus;TRUE;TRUE;Extant;Endemic;Endemic;FALSE
Heterixalus ;madagascariensis;NA;Hyperoliidae;Anura;None;Heterixalus_madagascariensis;Heterixalus_madagascariensis;TRUE;TRUE;Extant;Endemic;Endemic;FALSE
Heterixalus ;punctatus;NA;Hyperoliidae;Anura;None;Heterixalus_punctatus;Heterixalus_punctatus;TRUE;TRUE;Extant;Endemic;Endemic;FALSE
Heterixalus ;rutenbergi;NA;Hyperoliidae;Anura;None;Heterixalus_rutenbergi;Heterixalus_rutenbergi;TRUE;TRUE;Extant;Endemic;Endemic;FALSE
Heterixalus ;tricolor;NA;Hyperoliidae;Anura;None;Heterixalus_tricolor;Heterixalus_tricolor;TRUE;TRUE;Extant;Endemic;Endemic;FALSE
Heterixalus ;variabilis;NA;Hyperoliidae;Anura;None;Heterixalus_variabilis;Heterixalus_variabilis;TRUE;TRUE;Extant;Endemic;Endemic;FALSE
Boophis ;albilabris;NA;Mantellidae;Anura;None;Boophis_albilabris;Boophis_albilabris;TRUE;TRUE;Extant;Endemic;Endemic;FALSE
Boophis ;albipunctatus;NA;Mantellidae;Anura;None;Boophis_albipunctatus;Boophis_albipunctatus;TRUE;TRUE;Extant;Endemic;Endemic;FALSE
Boophis ;andohahela;NA;Mantellidae;Anura;None;Boophis_andohahela;Boophis_andohahela;TRUE;TRUE;Extant;Endemic;Endemic;FALSE
Boophis ;andrangoloaka;NA;Mantellidae;Anura;None;Boophis_andrangoloaka;Boophis_andrangoloaka;TRUE;TRUE;Extant;Endemic;Endemic;FALSE
Boophis ;andreonei;NA;Mantellidae;Anura;None;Boophis_andreonei;Boophis_andreonei;TRUE;TRUE;Extant;Endemic;Endemic;FALSE
Boophis ;anjanaharibeensis;NA;Mantellidae;Anura;None;Boophis_anjanaharibeensis;Boophis_anjanaharibeensis;TRUE;TRUE;Extant;Endemic;Endemic;FALSE
Boophis ;ankarafensis;NA;Mantellidae;Anura;None;Boophis_ankarafensis;NA;FALSE;FALSE;Extant;Endemic;Endemic;FALSE
Boophis ;ankaratra;NA;Mantellidae;Anura;None;Boophis_ankaratra;Boophis_ankaratra;TRUE;TRUE;Extant;Endemic;Endemic;FALSE
Boophis ;arcanus;NA;Mantellidae;Anura;None;Boophis_arcanus;Boophis_arcanus;TRUE;TRUE;Extant;Endemic;Endemic;FALSE
Boophis ;asquithi;NA;Mantellidae;Anura;None;Boophis_asquithi;NA;FALSE;FALSE;Extant;Endemic;Endemic;FALSE
Boophis ;axelmeyeri;NA;Mantellidae;Anura;None;Boophis_axelmeyeri;Boophis_axelmeyeri;TRUE;TRUE;Extant;Endemic;Endemic;FALSE
Boophis ;baetkei;NA;Mantellidae;Anura;None;Boophis_baetkei;Boophis_baetkei;TRUE;TRUE;Extant;Endemic;Endemic;FALSE
Boophis ;blommersae;NA;Mantellidae;Anura;None;Boophis_blommersae;Boophis_blommersae;TRUE;TRUE;Extant;Endemic;Endemic;FALSE
Boophis ;boehmei;NA;Mantellidae;Anura;None;Boophis_boehmei;Boophis_boehmei;TRUE;TRUE;Extant;Endemic;Endemic;FALSE
Boophis ;boppa;NA;Mantellidae;Anura;"Boppa's Bright-eyed treefrog; Malagasy: Fity maso hazo Sahona ny Boppa";Boophis_boppa;NA;FALSE;FALSE;Extant;Endemic;Endemic;FALSE
Boophis ;bottae;NA;Mantellidae;Anura;None;Boophis_bottae;Boophis_bottae;TRUE;TRUE;Extant;Endemic;Endemic;FALSE
Boophis ;brachychir;NA;Mantellidae;Anura;None;Boophis_brachychir;Boophis_brachychir;TRUE;TRUE;Extant;Endemic;Endemic;FALSE
Boophis ;burgeri;NA;Mantellidae;Anura;None;Boophis_burgeri;Boophis_burgeri;TRUE;TRUE;Extant;Endemic;Endemic;FALSE
Boophis ;calcaratus;NA;Mantellidae;Anura;None;Boophis_calcaratus;Boophis_calcaratus;TRUE;TRUE;Extant;Endemic;Endemic;FALSE
Boophis ;doulioti;NA;Mantellidae;Anura;None;Boophis_doulioti;Boophis_doulioti;TRUE;TRUE;Extant;Endemic;Endemic;FALSE
Boophis ;elenae;NA;Mantellidae;Anura;None;Boophis_elenae;Boophis_elenae;TRUE;TRUE;Extant;Endemic;Endemic;FALSE
Boophis ;englaenderi;NA;Mantellidae;Anura;None;Boophis_englaenderi;Boophis_englaenderi;TRUE;TRUE;Extant;Endemic;Endemic;FALSE
Boophis ;entingae;NA;Mantellidae;Anura;None;Boophis_entingae;Boophis_entingae;TRUE;TRUE;Extant;Endemic;Endemic;FALSE
Boophis ;erythrodactylus;NA;Mantellidae;Anura;None;Boophis_erythrodactylus;Boophis_erythrodactylus;TRUE;TRUE;Extant;Endemic;Endemic;FALSE
Boophis ;fayi;NA;Mantellidae;Anura;None;Boophis_fayi;Boophis_fayi;TRUE;TRUE;Extant;Endemic;Endemic;FALSE
Boophis ;feonnyala;NA;Mantellidae;Anura;None;Boophis_feonnyala;Boophis_feonnyala;TRUE;TRUE;Extant;Endemic;Endemic;FALSE
Boophis ;goudotii;NA;Mantellidae;Anura;None;Boophis_goudotii;Boophis_goudotii;TRUE;TRUE;Extant;Endemic;Endemic;FALSE
Boophis ;guibei;NA;Mantellidae;Anura;None;Boophis_guibei;Boophis_guibei;TRUE;TRUE;Extant;Endemic;Endemic;FALSE
Boophis ;haematopus;NA;Mantellidae;Anura;None;Boophis_haematopus;Boophis_haematopus;TRUE;TRUE;Extant;Endemic;Endemic;FALSE
Boophis ;haingana;NA;Mantellidae;Anura;None;Boophis_haingana;Boophis_haingana;TRUE;FALSE;Extant;Endemic;Endemic;FALSE
Boophis ;idae;NA;Mantellidae;Anura;None;Boophis_idae;Boophis_idae;TRUE;TRUE;Extant;Endemic;Endemic;FALSE
Boophis;jaegeri;NA;Mantellidae;Anura;None;Boophis_jaegeri;Boophis_jaegeri;TRUE;TRUE;Extant;Endemic;Endemic;FALSE
Boophis ;laurenti;NA;Mantellidae;Anura;None;Boophis_laurenti;Boophis_laurenti;TRUE;TRUE;Extant;Endemic;Endemic;FALSE
Boophis ;liami;NA;Mantellidae;Anura;None;Boophis_liami;Boophis_liami;TRUE;TRUE;Extant;Endemic;Endemic;FALSE
Boophis ;lichenoides;NA;Mantellidae;Anura;Liken treefrog;Boophis_lichenoides;Boophis_lichenoides;TRUE;TRUE;Extant;Endemic;Endemic;FALSE
Boophis ;lilianae;NA;Mantellidae;Anura;None;Boophis_lilianae;Boophis_lilianae;TRUE;TRUE;Extant;Endemic;Endemic;FALSE
Boophis ;luciae;NA;Mantellidae;Anura;None;Boophis_luciae;Boophis_luciae;TRUE;TRUE;Extant;Endemic;Endemic;FALSE
Boophis ;luteus;NA;Mantellidae;Anura;None;Boophis_luteus;Boophis_luteus;TRUE;TRUE;Extant;Endemic;Endemic;FALSE
Boophis ;madagascariensis;NA;Mantellidae;Anura;None;Boophis_madagascariensis;Boophis_madagascariensis;TRUE;TRUE;Extant;Endemic;Endemic;FALSE
Boophis ;majori;NA;Mantellidae;Anura;None;Boophis_majori;Boophis_majori;TRUE;TRUE;Extant;Endemic;Endemic;FALSE
Boophis ;mandraka;NA;Mantellidae;Anura;None;Boophis_mandraka;Boophis_mandraka;TRUE;TRUE;Extant;Endemic;Endemic;FALSE
Boophis ;marojezensis;NA;Mantellidae;Anura;None;Boophis_marojezensis;Boophis_marojezensis;TRUE;TRUE;Extant;Endemic;Endemic;FALSE
Boophis ;masoala;NA;Mantellidae;Anura;None;Boophis_masoala;NA;FALSE;FALSE;Extant;Endemic;Endemic;FALSE
Boophis ;miadana;NA;Mantellidae;Anura;None;Boophis_miadana;Boophis_miadana;TRUE;FALSE;Extant;Endemic;Endemic;FALSE
Boophis ;microtympanum;NA;Mantellidae;Anura;None;Boophis_microtympanum;Boophis_microtympanum;TRUE;TRUE;Extant;Endemic;Endemic;FALSE
Boophis ;miniatus;NA;Mantellidae;Anura;None;Boophis_miniatus;Boophis_miniatus;TRUE;TRUE;Extant;Endemic;Endemic;FALSE
Boophis ;narinsi;NA;Mantellidae;Anura;None;Boophis_narinsi;Boophis_narinsi;TRUE;TRUE;Extant;Endemic;Endemic;FALSE
Boophis ;obscurus;NA;Mantellidae;Anura;None;Boophis_obscurus;Boophis_obscurus;TRUE;TRUE;Extant;Endemic;Endemic;FALSE
Boophis ;occidentalis;NA;Mantellidae;Anura;Western white lipped treefrog;Boophis_occidentalis;Boophis_occidentalis;TRUE;TRUE;Extant;Endemic;Endemic;FALSE
Boophis ;opisthodon;NA;Mantellidae;Anura;None;Boophis_opisthodon;Boophis_opisthodon;TRUE;TRUE;Extant;Endemic;Endemic;FALSE
Boophis ;pauliani;NA;Mantellidae;Anura;None;Boophis_pauliani;Boophis_pauliani;TRUE;TRUE;Extant;Endemic;Endemic;FALSE
Boophis ;periegetes;NA;Mantellidae;Anura;None;Boophis_periegetes;Boophis_periegetes;TRUE;TRUE;Extant;Endemic;Endemic;FALSE
Boophis ;picturatus;NA;Mantellidae;Anura;None;Boophis_picturatus;Boophis_picturatus;TRUE;TRUE;Extant;Endemic;Endemic;FALSE
Boophis ;piperatus;NA;Mantellidae;Anura;None;Boophis_piperatus;Boophis_piperatus;TRUE;FALSE;Extant;Endemic;Endemic;FALSE
Boophis ;popi;NA;Mantellidae;Anura;None;Boophis_popi;Boophis_popi;TRUE;TRUE;Extant;Endemic;Endemic;FALSE
Boophis ;praedictus;NA;Mantellidae;Anura;None;Boophis_praedictus;Boophis_praedictus;TRUE;FALSE;Extant;Endemic;Endemic;FALSE
Boophis ;pyrrhus;NA;Mantellidae;Anura;None;Boophis_pyrrhus;Boophis_pyrrhus;TRUE;TRUE;Extant;Endemic;Endemic;FALSE
Boophis ;quasiboehmei;NA;Mantellidae;Anura;None;Boophis_quasiboehmei;Boophis_quasiboehmei;TRUE;TRUE;Extant;Endemic;Endemic;FALSE
Boophis ;rappiodes;NA;Mantellidae;Anura;None;Boophis_rappiodes;Boophis_rappiodes;TRUE;TRUE;Extant;Endemic;Endemic;FALSE
Boophis ;reticulatus;NA;Mantellidae;Anura;None;Boophis_reticulatus;Boophis_reticulatus;TRUE;TRUE;Extant;Endemic;Endemic;FALSE
Boophis ;rhodoscelis;NA;Mantellidae;Anura;None;Boophis_rhodoscelis;Boophis_rhodoscelis;TRUE;TRUE;Extant;Endemic;Endemic;FALSE
Boophis ;roseipalmatus;NA;Mantellidae;Anura;None;Boophis_roseipalmatus;Boophis_roseipalmatus;TRUE;TRUE;Extant;Endemic;Endemic;FALSE
Boophis ;rufioculis;NA;Mantellidae;Anura;None;Boophis_rufioculis;Boophis_rufioculis;TRUE;TRUE;Extant;Endemic;Endemic;FALSE
Boophis ;sambirano;NA;Mantellidae;Anura;None;Boophis_sambirano;Boophis_sambirano;TRUE;TRUE;Extant;Endemic;Endemic;FALSE
Boophis ;sandrae;NA;Mantellidae;Anura;None;Boophis_sandrae;Boophis_sandrae;TRUE;FALSE;Extant;Endemic;Endemic;FALSE
Boophis ;schuboeae;NA;Mantellidae;Anura;None;Boophis_schuboeae;Boophis_schuboeae;TRUE;TRUE;Extant;Endemic;Endemic;FALSE
Boophis ;septentrionalis;NA;Mantellidae;Anura;None;Boophis_septentrionalis;Boophis_septentrionalis;TRUE;TRUE;Extant;Endemic;Endemic;FALSE
Boophis ;sibilans;NA;Mantellidae;Anura;None;Boophis_sibilans;Boophis_sibilans;TRUE;TRUE;Extant;Endemic;Endemic;FALSE
Boophis ;solomaso;NA;Mantellidae;Anura;None;Boophis_solomaso;Boophis_solomaso;TRUE;FALSE;Extant;Endemic;Endemic;FALSE
Boophis ;spinophis;NA;Mantellidae;Anura;None;Boophis_spinophis;Boophis_spinophis;TRUE;FALSE;Extant;Endemic;Endemic;FALSE
Boophis ;tampoka;NA;Mantellidae;Anura;None;Boophis_tampoka;Boophis_tampoka;TRUE;TRUE;Extant;Endemic;Endemic;FALSE
Boophis ;tasymena;NA;Mantellidae;Anura;None;Boophis_tasymena;Boophis_tasymena;TRUE;TRUE;Extant;Endemic;Endemic;FALSE
Boophis ;tephraeomystax;NA;Mantellidae;Anura;None;Boophis_tephraeomystax;Boophis_tephraeomystax;TRUE;TRUE;Extant;Endemic;Endemic;FALSE
Boophis ;tsilomaro;NA;Mantellidae;Anura;None;Boophis_tsilomaro;Boophis_tsilomaro;TRUE;FALSE;Extant;Endemic;Endemic;FALSE
Boophis ;ulftunni;NA;Mantellidae;Anura;None;Boophis_ulftunni;Boophis_ulftunni;TRUE;TRUE;Extant;Endemic;Endemic;FALSE
Boophis ;viridis;NA;Mantellidae;Anura;None;Boophis_viridis;Boophis_viridis;TRUE;TRUE;Extant;Endemic;Endemic;FALSE
Boophis ;vittatus;NA;Mantellidae;Anura;None;Boophis_vittatus;Boophis_vittatus;TRUE;TRUE;Extant;Endemic;Endemic;FALSE
Boophis ;williamsi;NA;Mantellidae;Anura;None;Boophis_williamsi;Boophis_williamsi;TRUE;TRUE;Extant;Endemic;Endemic;FALSE
Boophis ;xerophilus;NA;Mantellidae;Anura;None;Boophis_xerophilus;Boophis_xerophilus;TRUE;TRUE;Extant;Endemic;Endemic;FALSE
Aglyptodactylus ;australis;NA;Mantellidae;Anura;None;Aglyptodactylus_australis;NA;FALSE;FALSE;Extant;Endemic;Endemic;FALSE
Aglyptodactylus ;chorus;NA;Mantellidae;Anura;None;Aglyptodactylus_chorus;NA;FALSE;FALSE;Extant;Endemic;Endemic;FALSE
Aglyptodactylus ;inguinalis;NA;Mantellidae;Anura;None;Aglyptodactylus_inguinalis;NA;FALSE;FALSE;Extant;Endemic;Endemic;FALSE
Aglyptodactylus ;laticeps;NA;Mantellidae;Anura;None;Aglyptodactylus_laticeps;Aglyptodactylus_laticeps;TRUE;TRUE;Extant;Endemic;Endemic;FALSE
Aglyptodactylus ;madagascariensis;NA;Mantellidae;Anura;None;Aglyptodactylus_madagascariensis;Aglyptodactylus_madagascariensis;TRUE;TRUE;Extant;Endemic;Endemic;FALSE
Aglyptodactylus ;securifer;NA;Mantellidae;Anura;None;Aglyptodactylus_securifer;Aglyptodactylus_securifer;TRUE;TRUE;Extant;Endemic;Endemic;FALSE
Laliostoma ;labrosum;NA;Mantellidae;Anura;None;Laliostoma_labrosum;Laliostoma_labrosum;TRUE;TRUE;Extant;Endemic;Endemic;FALSE
Blommersia ;angolafa;NA;Mantellidae;Anura;None;Blommersia_angolafa;Blommersia_angolafa;TRUE;TRUE;Extant;Endemic;Endemic;FALSE
Blommersia ;blommersae;NA;Mantellidae;Anura;None;Blommersia_blommersae;Blommersia_blommersae;TRUE;TRUE;Extant;Endemic;Endemic;FALSE
Blommersia ;dejongi;NA;Mantellidae;Anura;None;Blommersia_dejongi;Blommersia_dejongi;TRUE;TRUE;Extant;Endemic;Endemic;FALSE
Blommersia ;domerguei;NA;Mantellidae;Anura;None;Blommersia_domerguei;Blommersia_domerguei;TRUE;TRUE;Extant;Endemic;Endemic;FALSE
Blommersia ;galani;NA;Mantellidae;Anura;None;Blommersia_galani;Blommersia_galani;TRUE;TRUE;Extant;Endemic;Endemic;FALSE
Blommersia ;grandisonae;NA;Mantellidae;Anura;None;Blommersia_grandisonae;Blommersia_grandisonae;TRUE;TRUE;Extant;Endemic;Endemic;FALSE
Blommersia ;kely;NA;Mantellidae;Anura;None;Blommersia_kely;Blommersia_kely;TRUE;TRUE;Extant;Endemic;Endemic;FALSE
Blommersia ;sarotra;NA;Mantellidae;Anura;None;Blommersia_sarotra;Blommersia_sarotra;TRUE;TRUE;Extant;Endemic;Endemic;FALSE
Blommersia ;variabilis;NA;Mantellidae;Anura;None;Blommersia_variabilis;Blommersia_variabilis;TRUE;TRUE;Extant;Endemic;Endemic;FALSE
Blommersia ;wittei;NA;Mantellidae;Anura;None;Blommersia_wittei;Blommersia_wittei;TRUE;TRUE;Extant;Endemic;Endemic;FALSE
Boehmantis ;microtympanum;NA;Mantellidae;Anura;None;Boehmantis_microtympanum;Boehmantis_microtympanum;TRUE;TRUE;Extant;Endemic;Endemic;FALSE
Gephyromantis ;ambohitra;NA;Mantellidae;Anura;None;Gephyromantis_ambohitra;Gephyromantis_ambohitra;TRUE;TRUE;Extant;Endemic;Endemic;FALSE
Gephyromantis ;angano;NA;Mantellidae;Anura;None;Gephyromantis_angano;NA;FALSE;FALSE;Extant;Endemic;Endemic;FALSE
Gephyromantis ;asper;NA;Mantellidae;Anura;None;Gephyromantis_asper;Gephyromantis_asper;TRUE;TRUE;Extant;Endemic;Endemic;FALSE
Gephyromantis ;atsingy;NA;Mantellidae;Anura;None;Gephyromantis_atsingy;Gephyromantis_atsingy;TRUE;TRUE;Extant;Endemic;Endemic;FALSE
Gephyromantis ;blanci;NA;Mantellidae;Anura;None;Gephyromantis_blanci;Gephyromantis_blanci;TRUE;TRUE;Extant;Endemic;Endemic;FALSE
Gephyromantis ;boulengeri;NA;Mantellidae;Anura;None;Gephyromantis_boulengeri;Gephyromantis_boulengeri;TRUE;TRUE;Extant;Endemic;Endemic;FALSE
Gephyromantis ;ceratophrys;NA;Mantellidae;Anura;None;Gephyromantis_ceratophrys;NA;FALSE;FALSE;Extant;Endemic;Endemic;FALSE
Gephyromantis ;cornutus;NA;Mantellidae;Anura;None;Gephyromantis_cornutus;Gephyromantis_cornutus;TRUE;TRUE;Extant;Endemic;Endemic;FALSE
Gephyromantis ;corvus;NA;Mantellidae;Anura;None;Gephyromantis_corvus;Gephyromantis_corvus;TRUE;TRUE;Extant;Endemic;Endemic;FALSE
Gephyromantis ;decaryi;NA;Mantellidae;Anura;None;Gephyromantis_decaryi;Gephyromantis_decaryi;TRUE;TRUE;Extant;Endemic;Endemic;FALSE
Gephyromantis ;eiselti;NA;Mantellidae;Anura;None;Gephyromantis_eiselti;Gephyromantis_eiselti;TRUE;TRUE;Extant;Endemic;Endemic;FALSE
Gephyromantis ;enki;NA;Mantellidae;Anura;None;Gephyromantis_enki;Gephyromantis_enki;TRUE;TRUE;Extant;Endemic;Endemic;FALSE
Gephyromantis ;granulatus;NA;Mantellidae;Anura;None;Gephyromantis_granulatus;Gephyromantis_granulatus;TRUE;TRUE;Extant;Endemic;Endemic;FALSE
Gephyromantis ;grosjeani;NA;Mantellidae;Anura;None;Gephyromantis_grosjeani;NA;FALSE;FALSE;Extant;Endemic;Endemic;FALSE
Gephyromantis ;hintelmannae;NA;Mantellidae;Anura;None;Gephyromantis_hintelmannae;Gephyromantis_hintelmannae;TRUE;TRUE;Extant;Endemic;Endemic;FALSE
Gephyromantis ;horridus;NA;Mantellidae;Anura;Boettger's Grainy Frog;Gephyromantis_horridus;Gephyromantis_horridus;TRUE;TRUE;Extant;Endemic;Endemic;FALSE
Gephyromantis ;kintana;NA;Mantellidae;Anura;None;Gephyromantis_kintana;NA;FALSE;FALSE;Extant;Endemic;Endemic;FALSE
Gephyromantis ;klemmeri;NA;Mantellidae;Anura;Klemmer's Madagascar Frog;Gephyromantis_klemmeri;Gephyromantis_klemmeri;TRUE;TRUE;Extant;Endemic;Endemic;FALSE
Gephyromantis ;leucocephalus;NA;Mantellidae;Anura;None;Gephyromantis_leucocephalus;Gephyromantis_leucocephalus;TRUE;TRUE;Extant;Endemic;Endemic;FALSE
Gephyromantis ;leucomaculatus;NA;Mantellidae;Anura;None;Gephyromantis_leucomaculatus;Gephyromantis_leucomaculatus;TRUE;TRUE;Extant;Endemic;Endemic;FALSE
Gephyromantis ;lomorina;NA;Mantellidae;Anura;None;Gephyromantis_lomorina;NA;FALSE;FALSE;Extant;Endemic;Endemic;FALSE
Gephyromantis ;luteus;NA;Mantellidae;Anura;None;Gephyromantis_luteus;Gephyromantis_luteus;TRUE;TRUE;Extant;Endemic;Endemic;FALSE
Gephyromantis ;mafy;NA;Mantellidae;Anura;None;Gephyromantis_mafy;Gephyromantis_mafy;TRUE;TRUE;Extant;Endemic;Endemic;FALSE
Gephyromantis ;malagasius;NA;Mantellidae;Anura;None;Gephyromantis_malagasius;Gephyromantis_malagasius;TRUE;TRUE;Extant;Endemic;Endemic;FALSE
Gephyromantis ;moseri;NA;Mantellidae;Anura;None;Gephyromantis_moseri;Gephyromantis_moseri;TRUE;TRUE;Extant;Endemic;Endemic;FALSE
Gephyromantis ;pedronoi;NA;Mantellidae;Anura;None;Gephyromantis_pedronoi;NA;FALSE;FALSE;Extant;Endemic;Endemic;FALSE
Gephyromantis ;plicifer;NA;Mantellidae;Anura;None;Gephyromantis_plicifer;Gephyromantis_plicifer;TRUE;TRUE;Extant;Endemic;Endemic;FALSE
Gephyromantis ;pseudoasper;NA;Mantellidae;Anura;None;Gephyromantis_pseudoasper;Gephyromantis_pseudoasper;TRUE;TRUE;Extant;Endemic;Endemic;FALSE
Gephyromantis ;ranjomavo;NA;Mantellidae;Anura;None;Gephyromantis_ranjomavo;Gephyromantis_ranjomavo;TRUE;FALSE;Extant;Endemic;Endemic;FALSE
Gephyromantis ;redimitus;NA;Mantellidae;Anura;None;Gephyromantis_redimitus;Gephyromantis_redimitus;TRUE;TRUE;Extant;Endemic;Endemic;FALSE
Gephyromantis ;rivicola;NA;Mantellidae;Anura;None;Gephyromantis_rivicola;Gephyromantis_rivicola;TRUE;TRUE;Extant;Endemic;Endemic;FALSE
Gephyromantis ;runewsweeki;NA;Mantellidae;Anura;None;Gephyromantis_runewsweeki;Gephyromantis_runewsweeki;TRUE;TRUE;Extant;Endemic;Endemic;FALSE
Gephyromantis ;salegy;NA;Mantellidae;Anura;Salegy forest frog;Gephyromantis_salegy;Gephyromantis_salegy;TRUE;TRUE;Extant;Endemic;Endemic;FALSE
Gephyromantis ;saturnini;NA;Mantellidae;Anura;None;Gephyromantis_saturnini;NA;FALSE;FALSE;Extant;Endemic;Endemic;FALSE
Gephyromantis ;schilfi;NA;Mantellidae;Anura;None;Gephyromantis_schilfi;Gephyromantis_schilfi;TRUE;TRUE;Extant;Endemic;Endemic;FALSE
Gephyromantis ;sculpturatus;NA;Mantellidae;Anura;None;Gephyromantis_sculpturatus;Gephyromantis_sculpturatus;TRUE;TRUE;Extant;Endemic;Endemic;FALSE
Gephyromantis ;silvanus;NA;Mantellidae;Anura;None;Gephyromantis_silvanus;Gephyromantis_silvanus;TRUE;TRUE;Extant;Endemic;Endemic;FALSE
Gephyromantis ;spiniferus;NA;Mantellidae;Anura;None;Gephyromantis_spiniferus;Gephyromantis_spiniferus;TRUE;FALSE;Extant;Endemic;Endemic;FALSE
Gephyromantis ;striatus;NA;Mantellidae;Anura;None;Gephyromantis_striatus;Gephyromantis_striatus;TRUE;TRUE;Extant;Endemic;Endemic;FALSE
Gephyromantis ;tahotra;NA;Mantellidae;Anura;None;Gephyromantis_tahotra;Gephyromantis_tahotra;TRUE;TRUE;Extant;Endemic;Endemic;FALSE
Gephyromantis ;tandroka;NA;Mantellidae;Anura;None;Gephyromantis_tandroka;Gephyromantis_tandroka;TRUE;TRUE;Extant;Endemic;Endemic;FALSE
Gephyromantis ;thelenae;NA;Mantellidae;Anura;None;Gephyromantis_thelenae;Gephyromantis_thelenae;TRUE;TRUE;Extant;Endemic;Endemic;FALSE
Gephyromantis ;tohatra;NA;Mantellidae;Anura;None;Gephyromantis_tohatra;NA;FALSE;FALSE;Extant;Endemic;Endemic;FALSE
Gephyromantis ;tschenki;NA;Mantellidae;Anura;None;Gephyromantis_tschenki;Gephyromantis_tschenki;TRUE;TRUE;Extant;Endemic;Endemic;FALSE
Gephyromantis ;ventrimaculatus;NA;Mantellidae;Anura;None;Gephyromantis_ventrimaculatus;Gephyromantis_ventrimaculatus;TRUE;TRUE;Extant;Endemic;Endemic;FALSE
Gephyromantis ;verrucosus;NA;Mantellidae;Anura;None;Gephyromantis_verrucosus;Gephyromantis_verrucosus;TRUE;TRUE;Extant;Endemic;Endemic;FALSE
Gephyromantis ;webbi;NA;Mantellidae;Anura;None;Gephyromantis_webbi;Gephyromantis_webbi;TRUE;TRUE;Extant;Endemic;Endemic;FALSE
Gephyromantis ;zavona;NA;Mantellidae;Anura;None;Gephyromantis_zavona;Gephyromantis_zavona;TRUE;TRUE;Extant;Endemic;Endemic;FALSE
Guibemantis ;albolineatus;NA;Mantellidae;Anura;None;Guibemantis_albolineatus;Guibemantis_albolineatus;TRUE;TRUE;Extant;Endemic;Endemic;FALSE
Guibemantis ;albomaculatus;NA;Mantellidae;Anura;White-spotted Malagasy Pandanus Frog;Guibemantis_albomaculatus;NA;FALSE;FALSE;Extant;Endemic;Endemic;FALSE
Guibemantis ;annulatus;NA;Mantellidae;Anura;Ring-wearing Tree Frog;Guibemantis_annulatus;Guibemantis_annulatus;TRUE;FALSE;Extant;Endemic;Endemic;FALSE
Guibemantis ;bicalcaratus;NA;Mantellidae;Anura;None;Guibemantis_bicalcaratus;Guibemantis_bicalcaratus;TRUE;TRUE;Extant;Endemic;Endemic;FALSE
Guibemantis ;depressiceps;NA;Mantellidae;Anura;None;Guibemantis_depressiceps;Guibemantis_depressiceps;TRUE;TRUE;Extant;Endemic;Endemic;FALSE
Guibemantis ;diphonus;NA;Mantellidae;Anura;None;Guibemantis_diphonus;NA;FALSE;FALSE;Extant;Endemic;Endemic;FALSE
Guibemantis ;flavobrunneus;NA;Mantellidae;Anura;None;Guibemantis_flavobrunneus;Guibemantis_flavobrunneus;TRUE;TRUE;Extant;Endemic;Endemic;FALSE
Guibemantis ;kathrinae;NA;Mantellidae;Anura;None;Guibemantis_kathrinae;Guibemantis_kathrinae;TRUE;TRUE;Extant;Endemic;Endemic;FALSE
Guibemantis ;liber;NA;Mantellidae;Anura;None;Guibemantis_liber;Guibemantis_liber;TRUE;TRUE;Extant;Endemic;Endemic;FALSE
Guibemantis ;methueni;NA;Mantellidae;Anura;None;Guibemantis_methueni;Guibemantis_methueni;TRUE;TRUE;Extant;Endemic;Endemic;FALSE
Guibemantis ;milingilingy;NA;Mantellidae;Anura;None;Guibemantis_milingilingy;NA;FALSE;FALSE;Extant;Endemic;Endemic;FALSE
Guibemantis ;pulcher;NA;Mantellidae;Anura;None;Guibemantis_pulcher;Guibemantis_pulcher;TRUE;TRUE;Extant;Endemic;Endemic;FALSE
Guibemantis ;punctatus;NA;Mantellidae;Anura;None;Guibemantis_punctatus;Guibemantis_punctatus;TRUE;TRUE;Extant;Endemic;Endemic;FALSE
Guibemantis ;tasifotsy;NA;Mantellidae;Anura;White-flanked Malagasy Tree Frog;Guibemantis_tasifotsy;Guibemantis_tasifotsy;TRUE;TRUE;Extant;Endemic;Endemic;FALSE
Guibemantis ;timidus;NA;Mantellidae;Anura;None;Guibemantis_timidus;Guibemantis_timidus;TRUE;TRUE;Extant;Endemic;Endemic;FALSE
Guibemantis ;tornieri;NA;Mantellidae;Anura;None;Guibemantis_tornieri;Guibemantis_tornieri;TRUE;TRUE;Extant;Endemic;Endemic;FALSE
Guibemantis ;wattersoni;NA;Mantellidae;Anura;Watterson’s tree frog;Guibemantis_wattersoni;Guibemantis_wattersoni;TRUE;TRUE;Extant;Endemic;Endemic;FALSE
Guibemantis ;woosteri;NA;Mantellidae;Anura;Wooster’s Malagasy Pandanus Frog;Guibemantis_woosteri;NA;FALSE;FALSE;Extant;Endemic;Endemic;FALSE
Mantella ;aurantiaca;NA;Mantellidae;Anura;Golden Mantella;Mantella_aurantiaca;Mantella_aurantiaca;TRUE;TRUE;Extant;Endemic;Endemic;FALSE
Mantella ;baroni;NA;Mantellidae;Anura;None;Mantella_baroni;Mantella_baroni;TRUE;TRUE;Extant;Endemic;Endemic;FALSE
Mantella ;bernhardi;NA;Mantellidae;Anura;None;Mantella_bernhardi;Mantella_bernhardi;TRUE;TRUE;Extant;Endemic;Endemic;FALSE
Mantella ;betsileo;NA;Mantellidae;Anura;None;Mantella_betsileo;Mantella_betsileo;TRUE;TRUE;Extant;Endemic;Endemic;FALSE
Mantella ;cowanii;NA;Mantellidae;Anura;Harlequin Mantella;Mantella_cowanii;Mantella_cowanii;TRUE;TRUE;Extant;Endemic;Endemic;FALSE
Mantella ;crocea;NA;Mantellidae;Anura;None;Mantella_crocea;Mantella_crocea;TRUE;TRUE;Extant;Endemic;Endemic;FALSE
Mantella ;ebenaui;NA;Mantellidae;Anura;None;Mantella_ebenaui;Mantella_ebenaui;TRUE;TRUE;Extant;Endemic;Endemic;FALSE
Mantella ;expectata;NA;Mantellidae;Anura;Blue-legged mantella;Mantella_expectata;Mantella_expectata;TRUE;TRUE;Extant;Endemic;Endemic;FALSE
Mantella ;haraldmeieri;NA;Mantellidae;Anura;None;Mantella_haraldmeieri;Mantella_haraldmeieri;TRUE;TRUE;Extant;Endemic;Endemic;FALSE
Mantella ;laevigata;NA;Mantellidae;Anura;Malagasy Climbing Mantella;Mantella_laevigata;Mantella_laevigata;TRUE;TRUE;Extant;Endemic;Endemic;FALSE
Mantella ;madagascariensis;NA;Mantellidae;Anura;None;Mantella_madagascariensis;Mantella_madagascariensis;TRUE;TRUE;Extant;Endemic;Endemic;FALSE
Mantella ;manery;NA;Mantellidae;Anura;None;Mantella_manery;Mantella_manery;TRUE;TRUE;Extant;Endemic;Endemic;FALSE
Mantella ;milotympanum;NA;Mantellidae;Anura;None;Mantella_milotympanum;Mantella_milotympanum;TRUE;TRUE;Extant;Endemic;Endemic;FALSE
Mantella ;nigricans;NA;Mantellidae;Anura;None;Mantella_nigricans;Mantella_nigricans;TRUE;TRUE;Extant;Endemic;Endemic;FALSE
Mantella ;pulchra;NA;Mantellidae;Anura;None;Mantella_pulchra;Mantella_pulchra;TRUE;TRUE;Extant;Endemic;Endemic;FALSE
Mantella ;viridis;NA;Mantellidae;Anura;None;Mantella_viridis;Mantella_viridis;TRUE;TRUE;Extant;Endemic;Endemic;FALSE
Mantidactylus ;aerumnalis;NA;Mantellidae;Anura;None;Mantidactylus_aerumnalis;Mantidactylus_aerumnalis;TRUE;TRUE;Extant;Endemic;Endemic;FALSE
Mantidactylus ;albofrenatus;NA;Mantellidae;Anura;None;Mantidactylus_albofrenatus;Mantidactylus_albofrenatus;TRUE;TRUE;Extant;Endemic;Endemic;FALSE
Mantidactylus ;alutus;NA;Mantellidae;Anura;None;Mantidactylus_alutus;Mantidactylus_alutus;TRUE;TRUE;Extant;Endemic;Endemic;FALSE
Mantidactylus ;ambohimitombi;NA;Mantellidae;Anura;None;Mantidactylus_ambohimitombi;Mantidactylus_ambohimitombi;TRUE;FALSE;Extant;Endemic;Endemic;FALSE
Mantidactylus ;ambony;NA;Mantellidae;Anura;None;Mantidactylus_ambony;NA;FALSE;FALSE;Extant;Endemic;Endemic;FALSE
Mantidactylus ;ambreensis;NA;Mantellidae;Anura;None;Mantidactylus_ambreensis;Mantidactylus_ambreensis;TRUE;TRUE;Extant;Endemic;Endemic;FALSE
Mantidactylus ;argenteus;NA;Mantellidae;Anura;None;Mantidactylus_argenteus;Mantidactylus_argenteus;TRUE;TRUE;Extant;Endemic;Endemic;FALSE
Mantidactylus ;atsimo;NA;Mantellidae;Anura;None;Mantidactylus_atsimo;NA;FALSE;FALSE;Extant;Endemic;Endemic;FALSE
Mantidactylus ;bellyi;NA;Mantellidae;Anura;None;Mantidactylus_bellyi;Mantidactylus_bellyi;TRUE;TRUE;Extant;Endemic;Endemic;FALSE
Mantidactylus ;betsileanus;NA;Mantellidae;Anura;None;Mantidactylus_betsileanus;Mantidactylus_betsileanus;TRUE;TRUE;Extant;Endemic;Endemic;FALSE
Mantidactylus ;biporus;NA;Mantellidae;Anura;None;Mantidactylus_biporus;Mantidactylus_biporus;TRUE;TRUE;Extant;Endemic;Endemic;FALSE
Mantidactylus ;bourgati;NA;Mantellidae;Anura;None;Mantidactylus_bourgati;Mantidactylus_bourgati;TRUE;FALSE;Extant;Endemic;Endemic;FALSE
Mantidactylus ;brevipalmatus;NA;Mantellidae;Anura;None;Mantidactylus_brevipalmatus;Mantidactylus_brevipalmatus;TRUE;TRUE;Extant;Endemic;Endemic;FALSE
Mantidactylus ;charlotteae;NA;Mantellidae;Anura;None;Mantidactylus_charlotteae;Mantidactylus_charlotteae;TRUE;TRUE;Extant;Endemic;Endemic;FALSE
Mantidactylus ;cowanii;NA;Mantellidae;Anura;None;Mantidactylus_cowanii;Mantidactylus_cowanii;TRUE;TRUE;Extant;Endemic;Endemic;FALSE
Mantidactylus ;curtus;NA;Mantellidae;Anura;None;Mantidactylus_curtus;Mantidactylus_curtus;TRUE;TRUE;Extant;Endemic;Endemic;FALSE
Mantidactylus ;delormei;NA;Mantellidae;Anura;None;Mantidactylus_delormei;Mantidactylus_delormei;TRUE;TRUE;Extant;Endemic;Endemic;FALSE
Mantidactylus ;femoralis;NA;Mantellidae;Anura;None;Mantidactylus_femoralis;Mantidactylus_femoralis;TRUE;TRUE;Extant;Endemic;Endemic;FALSE
Mantidactylus ;grandidieri;NA;Mantellidae;Anura;None;Mantidactylus_grandidieri;Mantidactylus_grandidieri;TRUE;TRUE;Extant;Endemic;Endemic;FALSE
Mantidactylus ;guttulatus;NA;Mantellidae;Anura;None;Mantidactylus_guttulatus;Mantidactylus_guttulatus;TRUE;TRUE;Extant;Endemic;Endemic;FALSE
Mantidactylus ;lugubris;NA;Mantellidae;Anura;None;Mantidactylus_lugubris;Mantidactylus_lugubris;TRUE;TRUE;Extant;Endemic;Endemic;FALSE
Mantidactylus ;madecassus;NA;Mantellidae;Anura;None;Mantidactylus_madecassus;Mantidactylus_madecassus;TRUE;TRUE;Extant;Endemic;Endemic;FALSE
Mantidactylus ;majori;NA;Mantellidae;Anura;None;Mantidactylus_majori;Mantidactylus_majori;TRUE;TRUE;Extant;Endemic;Endemic;FALSE
Mantidactylus ;melanopleura;NA;Mantellidae;Anura;None;Mantidactylus_melanopleura;Mantidactylus_melanopleura;TRUE;TRUE;Extant;Endemic;Endemic;FALSE
Mantidactylus ;mocquardi;NA;Mantellidae;Anura;None;Mantidactylus_mocquardi;Mantidactylus_mocquardi;TRUE;TRUE;Extant;Endemic;Endemic;FALSE
Mantidactylus ;noralottae;NA;Mantellidae;Anura;None;Mantidactylus_noralottae;Mantidactylus_noralottae;TRUE;TRUE;Extant;Endemic;Endemic;FALSE
Mantidactylus ;opiparis;NA;Mantellidae;Anura;None;Mantidactylus_opiparis;Mantidactylus_opiparis;TRUE;TRUE;Extant;Endemic;Endemic;FALSE
Mantidactylus ;paidroa;NA;Mantellidae;Anura;None;Mantidactylus_paidroa;Mantidactylus_paidroa;TRUE;TRUE;Extant;Endemic;Endemic;FALSE
Mantidactylus ;pauliani;NA;Mantellidae;Anura;None;Mantidactylus_pauliani;Mantidactylus_pauliani;TRUE;TRUE;Extant;Endemic;Endemic;FALSE
Mantidactylus ;petakorona;NA;Mantellidae;Anura;None;Mantidactylus_petakorona;NA;FALSE;FALSE;Extant;Endemic;Endemic;FALSE
Mantidactylus ;radaka;NA;Mantellidae;Anura;None;Mantidactylus_radaka;NA;FALSE;FALSE;Extant;Endemic;Endemic;FALSE
Mantidactylus ;schulzi;NA;Mantellidae;Anura;None;Mantidactylus_schulzi;NA;FALSE;FALSE;Extant;Endemic;Endemic;FALSE
Mantidactylus ;tricinctus;NA;Mantellidae;Anura;None;Mantidactylus_tricinctus;Mantidactylus_tricinctus;TRUE;FALSE;Extant;Endemic;Endemic;FALSE
Mantidactylus ;ulcerosus;NA;Mantellidae;Anura;None;Mantidactylus_ulcerosus;Mantidactylus_ulcerosus;TRUE;TRUE;Extant;Endemic;Endemic;FALSE
Mantidactylus ;zipperi;NA;Mantellidae;Anura;None;Mantidactylus_zipperi;Mantidactylus_zipperi;TRUE;TRUE;Extant;Endemic;Endemic;FALSE
Mantidactylus ;zolitschka;NA;Mantellidae;Anura;None;Mantidactylus_zolitschka;Mantidactylus_zolitschka;TRUE;TRUE;Extant;Endemic;Endemic;FALSE
Spinomantis ;aglavei;NA;Mantellidae;Anura;None;Spinomantis_aglavei;Spinomantis_aglavei;TRUE;TRUE;Extant;Endemic;Endemic;FALSE
Spinomantis ;beckei;NA;Mantellidae;Anura;None;Spinomantis_beckei;NA;FALSE;FALSE;Extant;Endemic;Endemic;FALSE
Spinomantis ;bertini;NA;Mantellidae;Anura;None;Spinomantis_bertini;Spinomantis_bertini;TRUE;TRUE;Extant;Endemic;Endemic;FALSE
Spinomantis ;brunae;NA;Mantellidae;Anura;Bruna's Madagascan stream frog;Spinomantis_brunae;Spinomantis_brunae;TRUE;FALSE;Extant;Endemic;Endemic;FALSE
Spinomantis ;elegans;NA;Mantellidae;Anura;None;Spinomantis_elegans;Spinomantis_elegans;TRUE;TRUE;Extant;Endemic;Endemic;FALSE
Spinomantis ;fimbriatus;NA;Mantellidae;Anura;None;Spinomantis_fimbriatus;Spinomantis_fimbriatus;TRUE;TRUE;Extant;Endemic;Endemic;FALSE
Spinomantis ;guibei;NA;Mantellidae;Anura;None;Spinomantis_guibei;Spinomantis_guibei;TRUE;TRUE;Extant;Endemic;Endemic;FALSE
Spinomantis ;massi;NA;Mantellidae;Anura;None;Spinomantis_massi;Spinomantis_massi;TRUE;FALSE;Extant;Endemic;Endemic;FALSE
Spinomantis ;microtis;NA;Mantellidae;Anura;None;Spinomantis_microtis;Spinomantis_microtis;TRUE;TRUE;Extant;Endemic;Endemic;FALSE
Spinomantis ;mirus;NA;Mantellidae;Anura;None;Spinomantis_mirus;NA;FALSE;FALSE;Extant;Endemic;Endemic;FALSE
Spinomantis ;nussbaumi;NA;Mantellidae;Anura;None;Spinomantis_nussbaumi;Spinomantis_nussbaumi;TRUE;FALSE;Extant;Endemic;Endemic;FALSE
Spinomantis ;peraccae;NA;Mantellidae;Anura;None;Spinomantis_peraccae;Spinomantis_peraccae;TRUE;TRUE;Extant;Endemic;Endemic;FALSE
Spinomantis ;phantasticus;NA;Mantellidae;Anura;None;Spinomantis_phantasticus;Spinomantis_phantasticus;TRUE;TRUE;Extant;Endemic;Endemic;FALSE
Spinomantis ;tavaratra;NA;Mantellidae;Anura;None;Spinomantis_tavaratra;Spinomantis_tavaratra;TRUE;TRUE;Extant;Endemic;Endemic;FALSE
Tsingymantis ;antitra;NA;Mantellidae;Anura;None;Tsingymantis_antitra;Tsingymantis_antitra;TRUE;TRUE;Extant;Endemic;Endemic;FALSE
Wakea ;madinika;NA;Mantellidae;Anura;None;Wakea_madinika;Wakea_madinika;TRUE;TRUE;Extant;Endemic;Endemic;FALSE
Anilany ;helenae;NA;Microhylidae;Anura;None;Anilany_helenae;Stumpffia_helenae;TRUE;TRUE;Extant;Endemic;Endemic;FALSE
Anodonthyla ;boulengerii;NA;Microhylidae;Anura;None;Anodonthyla_boulengerii;Anodonthyla_boulengerii;TRUE;TRUE;Extant;Endemic;Endemic;FALSE
Anodonthyla ;emilei;NA;Microhylidae;Anura;None;Anodonthyla_emilei;Anodonthyla_emilei;TRUE;TRUE;Extant;Endemic;Endemic;FALSE
Anodonthyla ;eximia;NA;Microhylidae;Anura;None;Anodonthyla_eximia;NA;FALSE;FALSE;Extant;Endemic;Endemic;FALSE
Anodonthyla ;hutchisoni;NA;Microhylidae;Anura;None;Anodonthyla_hutchisoni;Anodonthyla_hutchisoni;TRUE;TRUE;Extant;Endemic;Endemic;FALSE
Anodonthyla ;jeanbai;NA;Microhylidae;Anura;None;Anodonthyla_jeanbai;Anodonthyla_jeanbai;TRUE;TRUE;Extant;Endemic;Endemic;FALSE
Anodonthyla ;montana;NA;Microhylidae;Anura;None;Anodonthyla_montana;Anodonthyla_montana;TRUE;TRUE;Extant;Endemic;Endemic;FALSE
Anodonthyla ;moramora;NA;Microhylidae;Anura;None;Anodonthyla_moramora;Anodonthyla_moramora;TRUE;TRUE;Extant;Endemic;Endemic;FALSE
Anodonthyla ;nigrigularis;NA;Microhylidae;Anura;None;Anodonthyla_nigrigularis;Anodonthyla_nigrigularis;TRUE;TRUE;Extant;Endemic;Endemic;FALSE
Anodonthyla ;pollicaris;NA;Microhylidae;Anura;None;Anodonthyla_pollicaris;Anodonthyla_pollicaris;TRUE;TRUE;Extant;Endemic;Endemic;FALSE
Anodonthyla ;rouxae;NA;Microhylidae;Anura;None;Anodonthyla_rouxae;Anodonthyla_rouxae;TRUE;TRUE;Extant;Endemic;Endemic;FALSE
Anodonthyla ;theoi;NA;Microhylidae;Anura;None;Anodonthyla_theoi;Anodonthyla_theoi;TRUE;TRUE;Extant;Endemic;Endemic;FALSE
Anodonthyla ;vallani;NA;Microhylidae;Anura;None;Anodonthyla_vallani;Anodonthyla_vallani;TRUE;TRUE;Extant;Endemic;Endemic;FALSE
Cophyla ;berara;NA;Microhylidae;Anura;None;Cophyla_berara;Cophyla_berara;TRUE;TRUE;Extant;Endemic;Endemic;FALSE
Cophyla ;fortuna;NA;Microhylidae;Anura;Lucky Cophyla;Cophyla_fortuna;NA;FALSE;FALSE;Extant;Endemic;Endemic;FALSE
Cophyla ;maharipeo;NA;Microhylidae;Anura;None;Cophyla_maharipeo;NA;FALSE;FALSE;Extant;Endemic;Endemic;FALSE
Cophyla ;noromalalae;NA;Microhylidae;Anura;None;Cophyla_noromalalae;NA;FALSE;FALSE;Extant;Endemic;Endemic;FALSE
Cophyla ;occultans;NA;Microhylidae;Anura;None;Cophyla_occultans;Cophyla_occultans;TRUE;FALSE;Extant;Endemic;Endemic;FALSE
Cophyla ;phyllodactyla;NA;Microhylidae;Anura;None;Cophyla_phyllodactyla;Cophyla_phyllodactyla;TRUE;TRUE;Extant;Endemic;Endemic;FALSE
Cophyla ;puellarum;NA;Microhylidae;Anura;None;Cophyla_puellarum;NA;FALSE;FALSE;Extant;Endemic;Endemic;FALSE
Madecassophryne ;truebae;NA;Microhylidae;Anura;None;Madecassophryne_truebae;Madecassophryne_truebae;TRUE;FALSE;Extant;Endemic;Endemic;FALSE
Mini ;ature;NA;Microhylidae;Anura;None;Mini_ature;NA;FALSE;FALSE;Extant;Endemic;Endemic;FALSE
Mini ;mum;NA;Microhylidae;Anura;None;Mini_mum;NA;FALSE;FALSE;Extant;Endemic;Endemic;FALSE
Mini ;scule;NA;Microhylidae;Anura;None;Mini_scule;NA;FALSE;FALSE;Extant;Endemic;Endemic;FALSE
Platypelis ;alticola;NA;Microhylidae;Anura;None;Platypelis_alticola;Platypelis alticola;TRUE;TRUE;Extant;Endemic;Endemic;FALSE
Platypelis ;ando;NA;Microhylidae;Anura;None;Platypelis_ando;NA;FALSE;FALSE;Extant;Endemic;Endemic;FALSE
Platypelis ;barbouri;NA;Microhylidae;Anura;None;Platypelis_barbouri;Platypelis_barbouri;TRUE;TRUE;Extant;Endemic;Endemic;FALSE
Platypelis ;cowanii;NA;Microhylidae;Anura;Betsileo Giant Treefrog;Platypelis_cowanii;Platypelis_cowanii;TRUE;FALSE;Extant;Endemic;Endemic;FALSE
Platypelis ;grandis;NA;Microhylidae;Anura;None;Platypelis_grandis;Platypelis_grandis;TRUE;TRUE;Extant;Endemic;Endemic;FALSE
Platypelis ;karenae;NA;Microhylidae;Anura;None;Platypelis_karenae;NA;FALSE;FALSE;Extant;Endemic;Endemic;FALSE
Platypelis ;laetus;NA;Microhylidae;Anura;None;Platypelis_laetus;NA;FALSE;FALSE;Extant;Endemic;Endemic;FALSE
Platypelis ;mavomavo;NA;Microhylidae;Anura;Yellowish Tree Cophyline Frog (English);Platypelis_mavomavo;Platypelis_mavomavo;TRUE;TRUE;Extant;Endemic;Endemic;FALSE
Platypelis ;milloti;NA;Microhylidae;Anura;None;Platypelis_milloti;Platypelis_milloti;TRUE;TRUE;Extant;Endemic;Endemic;FALSE
Platypelis ;olgae;NA;Microhylidae;Anura;None;Platypelis_olgae;Platypelis_olgae;TRUE;FALSE;Extant;Endemic;Endemic;FALSE
Platypelis ;pollicaris;NA;Microhylidae;Anura;None;Platypelis_pollicaris;Platypelis_pollicaris;TRUE;TRUE;Extant;Endemic;Endemic;FALSE
Platypelis ;ranjomena;NA;Microhylidae;Anura;None;Platypelis_ranjomena;NA;FALSE;FALSE;Extant;Endemic;Endemic;FALSE
Platypelis ;ravus;NA;Microhylidae;Anura;None;Platypelis_ravus;Platypelis_ravus;TRUE;FALSE;Extant;Endemic;Endemic;FALSE
Platypelis ;tetra;NA;Microhylidae;Anura;Four-spotted tree cophyline frog (English);Platypelis_tetra;Platypelis_tetra;TRUE;TRUE;Extant;Endemic;Endemic;FALSE
Platypelis ;tsaratananaensis;NA;Microhylidae;Anura;None;Platypelis_tsaratananaensis;Platypelis_tsaratananaensis;TRUE;TRUE;Extant;Endemic;Endemic;FALSE
Platypelis ;tuberifera;NA;Microhylidae;Anura;None;Platypelis_tuberifera;Platypelis_tuberifera;TRUE;TRUE;Extant;Endemic;Endemic;FALSE
Plethodontohyla ;alluaudi;NA;Microhylidae;Anura;None;Plethodontohyla_alluaudi;Rhombophryne_alluaudi;TRUE;TRUE;Extant;Endemic;Endemic;FALSE
Plethodontohyla;angulifera;NA;Microhylidae;Anura;Werner's Digging Frog;Plethodontohyla_angulifera;Plethodontohyla_angulifera;TRUE;FALSE;Extant;Endemic;Endemic;FALSE
Plethodontohyla ;bipunctata;NA;Microhylidae;Anura;None;Plethodontohyla_bipunctata;Plethodontohyla_bipunctata;TRUE;TRUE;Extant;Endemic;Endemic;FALSE
Plethodontohyla ;brevipes;NA;Microhylidae;Anura;None;Plethodontohyla_brevipes;Plethodontohyla_brevipes;TRUE;TRUE;Extant;Endemic;Endemic;FALSE
Plethodontohyla ;fonetana;NA;Microhylidae;Anura;None;Plethodontohyla_fonetana;Plethodontohyla_fonetana;TRUE;TRUE;Extant;Endemic;Endemic;FALSE
Plethodontohyla ;guentheri;NA;Microhylidae;Anura;None;Plethodontohyla_guentheri;Plethodontohyla_guentheri;TRUE;TRUE;Extant;Endemic;Endemic;FALSE
Plethodontohyla ;inguinalis;NA;Microhylidae;Anura;None;Plethodontohyla_inguinalis;Plethodontohyla_inguinalis;TRUE;TRUE;Extant;Endemic;Endemic;FALSE
Plethodontohyla ;laevis;NA;Microhylidae;Anura;None;Plethodontohyla_laevis;NA;FALSE;FALSE;Extant;Endemic;Endemic;FALSE
Plethodontohyla ;mihanika;NA;Microhylidae;Anura;None;Plethodontohyla_mihanika;Plethodontohyla_mihanika;TRUE;TRUE;Extant;Endemic;Endemic;FALSE
Plethodontohyla ;notosticta;NA;Microhylidae;Anura;Mahanoro Digging Frog;Plethodontohyla_notosticta;Plethodontohyla_notosticta;TRUE;TRUE;Extant;Endemic;Endemic;FALSE
Plethodontohyla ;ocellata;NA;Microhylidae;Anura;None;Plethodontohyla_ocellata;Plethodontohyla_ocellata;TRUE;TRUE;Extant;Endemic;Endemic;FALSE
Plethodontohyla ;tuberata;NA;Microhylidae;Anura;None;Plethodontohyla_tuberata;Plethodontohyla_tuberata;TRUE;TRUE;Extant;Endemic;Endemic;FALSE
Rhombophryne ;botabota;NA;Microhylidae;Anura;Chubby diamond frog;Rhombophryne_botabota;NA;FALSE;FALSE;Extant;Endemic;Endemic;FALSE
Rhombophryne ;coronata;NA;Microhylidae;Anura;None;Rhombophryne_coronata;Rhombophryne_coronata;TRUE;TRUE;Extant;Endemic;Endemic;FALSE
Rhombophryne ;coudreaui;NA;Microhylidae;Anura;None;Rhombophryne_coudreaui;Rhombophryne_coudreaui;TRUE;TRUE;Extant;Endemic;Endemic;FALSE
Rhombophryne ;diadema;NA;Microhylidae;Anura;Diadem saw-browed frog;Rhombophryne_diadema;NA;FALSE;FALSE;Extant;Endemic;Endemic;FALSE
Rhombophryne ;ellae;NA;Microhylidae;Anura;None;Rhombophryne_ellae;NA;FALSE;FALSE;Extant;Endemic;Endemic;FALSE
Rhombophryne ;guentherpetersi;NA;Microhylidae;Anura;None;Rhombophryne_guentherpetersi;Rhombophryne_guentherpetersi;TRUE;FALSE;Extant;Endemic;Endemic;FALSE
Rhombophryne ;laevipes;NA;Microhylidae;Anura;None;Rhombophryne_laevipes;Rhombophryne_laevipes;TRUE;TRUE;Extant;Endemic;Endemic;FALSE
Rhombophryne ;longicrus;NA;Microhylidae;Anura;None;Rhombophryne_longicrus;NA;FALSE;FALSE;Extant;Endemic;Endemic;FALSE
Rhombophryne ;mangabensis;NA;Microhylidae;Anura;None;Rhombophryne_mangabensis;Rhombophryne_mangabensis;TRUE;FALSE;Extant;Endemic;Endemic;FALSE
Rhombophryne ;matavy;NA;Microhylidae;Anura;None;Rhombophryne_matavy;Rhombophryne_matavy;TRUE;FALSE;Extant;Endemic;Endemic;FALSE
Rhombophryne ;minuta;NA;Microhylidae;Anura;None;Rhombophryne_minuta;Rhombophryne_minuta;TRUE;TRUE;Extant;Endemic;Endemic;FALSE
Rhombophryne ;nilevina;NA;Microhylidae;Anura;Buried Diamond Frog;Rhombophryne_nilevina;NA;FALSE;FALSE;Extant;Endemic;Endemic;FALSE
Rhombophryne ;ornata;NA;Microhylidae;Anura;None;Rhombophryne_ornata;NA;FALSE;FALSE;Extant;Endemic;Endemic;FALSE
Rhombophryne ;proportionalis;NA;Microhylidae;Anura;None;Rhombophryne_proportionalis;NA;FALSE;FALSE;Extant;Endemic;Endemic;FALSE
Rhombophryne ;regalis;NA;Microhylidae;Anura;Regal saw-browed diamond frog;Rhombophryne_regalis;NA;FALSE;FALSE;Extant;Endemic;Endemic;FALSE
Rhombophryne ;savaka;NA;Microhylidae;Anura;Savaka diamond frog;Rhombophryne_savaka;NA;FALSE;FALSE;Extant;Endemic;Endemic;FALSE
Rhombophryne ;serratopalpebrosa;NA;Microhylidae;Anura;None;Rhombophryne_serratopalpebrosa;Rhombophryne_serratopalpebrosa;TRUE;TRUE;Extant;Endemic;Endemic;FALSE
Rhombophryne ;tany;NA;Microhylidae;Anura;None;Rhombophryne_tany;NA;FALSE;FALSE;Extant;Endemic;Endemic;FALSE
Rhombophryne ;testudo;NA;Microhylidae;Anura;None;Rhombophryne_testudo;Rhombophryne_testudo;TRUE;TRUE;Extant;Endemic;Endemic;FALSE
Rhombophryne ;vaventy;NA;Microhylidae;Anura;None;Rhombophryne_vaventy;NA;FALSE;FALSE;Extant;Endemic;Endemic;FALSE
Stumpffia ;achillei;NA;Microhylidae;Anura;None;Stumpffia_achillei;NA;FALSE;FALSE;Extant;Endemic;Endemic;FALSE
Stumpffia ;analamaina;NA;Microhylidae;Anura;None;Stumpffia_analamaina;Stumpffia_analamaina;TRUE;FALSE;Extant;Endemic;Endemic;FALSE
Stumpffia ;analanjirofo;NA;Microhylidae;Anura;None;Stumpffia_analanjirofo;NA;FALSE;FALSE;Extant;Endemic;Endemic;FALSE
Stumpffia ;angeluci;NA;Microhylidae;Anura;None;Stumpffia_angeluci;NA;FALSE;FALSE;Extant;Endemic;Endemic;FALSE
Stumpffia ;be;NA;Microhylidae;Anura;None;Stumpffia_be;Stumpffia_be;TRUE;TRUE;Extant;Endemic;Endemic;FALSE
Stumpffia ;betampona;NA;Microhylidae;Anura;None;Stumpffia_betampona;NA;FALSE;FALSE;Extant;Endemic;Endemic;FALSE
Stumpffia ;contumelia;NA;Microhylidae;Anura;None;Stumpffia_contumelia;NA;FALSE;FALSE;Extant;Endemic;Endemic;FALSE
Stumpffia ;davidattenboroughi;NA;Microhylidae;Anura;None;Stumpffia_davidattenboroughi;NA;FALSE;FALSE;Extant;Endemic;Endemic;FALSE
Stumpffia ;diutissima;NA;Microhylidae;Anura;None;Stumpffia_diutissima;NA;FALSE;FALSE;Extant;Endemic;Endemic;FALSE
Stumpffia ;dolchi;NA;Microhylidae;Anura;None;Stumpffia_dolchi;NA;FALSE;FALSE;Extant;Endemic;Endemic;FALSE
Stumpffia ;edmondsi;NA;Microhylidae;Anura;None;Stumpffia_edmondsi;NA;FALSE;FALSE;Extant;Endemic;Endemic;FALSE
Stumpffia ;froschaueri;NA;Microhylidae;Anura;None;Stumpffia_froschaueri;NA;FALSE;FALSE;Extant;Endemic;Endemic;FALSE
Stumpffia ;fusca;NA;Microhylidae;Anura;None;Stumpffia_fusca;NA;FALSE;FALSE;Extant;Endemic;Endemic;FALSE
Stumpffia ;garraffoi;NA;Microhylidae;Anura;None;Stumpffia_garraffoi;NA;FALSE;FALSE;Extant;Endemic;Endemic;FALSE
Stumpffia ;gimmeli;NA;Microhylidae;Anura;None;Stumpffia_gimmeli;Stumpffia_gimmeli;TRUE;TRUE;Extant;Endemic;Endemic;FALSE
Stumpffia ;grandis;NA;Microhylidae;Anura;None;Stumpffia_grandis;Stumpffia_grandis;TRUE;TRUE;Extant;Endemic;Endemic;FALSE
Stumpffia ;hara;NA;Microhylidae;Anura;None;Stumpffia_hara;Stumpffia_hara;TRUE;TRUE;Extant;Endemic;Endemic;FALSE
Stumpffia ;huwei;NA;Microhylidae;Anura;None;Stumpffia_huwei;NA;FALSE;FALSE;Extant;Endemic;Endemic;FALSE
Stumpffia ;iharana;NA;Microhylidae;Anura;None;Stumpffia_iharana;NA;FALSE;FALSE;Extant;Endemic;Endemic;FALSE
Stumpffia ;jeannoeli;NA;Microhylidae;Anura;None;Stumpffia_jeannoeli;NA;FALSE;FALSE;Extant;Endemic;Endemic;FALSE
Stumpffia ;kibomena;NA;Microhylidae;Anura;None;Stumpffia_kibomena;NA;FALSE;FALSE;Extant;Endemic;Endemic;FALSE
Stumpffia ;larinki;NA;Microhylidae;Anura;None;Stumpffia_larinki;NA;FALSE;FALSE;Extant;Endemic;Endemic;FALSE
Stumpffia ;madagascariensis;NA;Microhylidae;Anura;None;Stumpffia_madagascariensis;Stumpffia_madagascariensis;TRUE;TRUE;Extant;Endemic;Endemic;FALSE
Stumpffia ;makira;NA;Microhylidae;Anura;None;Stumpffia_makira;NA;FALSE;FALSE;Extant;Endemic;Endemic;FALSE
Stumpffia ;maledicta;NA;Microhylidae;Anura;None;Stumpffia_maledicta;NA;FALSE;FALSE;Extant;Endemic;Endemic;FALSE
Stumpffia ;mamitika;NA;Microhylidae;Anura;None;Stumpffia_mamitika;NA;FALSE;FALSE;Extant;Endemic;Endemic;FALSE
Stumpffia ;megsoni;NA;Microhylidae;Anura;None;Stumpffia_megsoni;Stumpffia_megsoni;TRUE;TRUE;Extant;Endemic;Endemic;FALSE
Stumpffia ;meikeae;NA;Microhylidae;Anura;None;Stumpffia_meikeae;NA;FALSE;FALSE;Extant;Endemic;Endemic;FALSE
Stumpffia ;miery;NA;Microhylidae;Anura;None;Stumpffia_miery;Stumpffia_miery;TRUE;FALSE;Extant;Endemic;Endemic;FALSE
Stumpffia ;miovaova;NA;Microhylidae;Anura;None;Stumpffia_miovaova;NA;FALSE;FALSE;Extant;Endemic;Endemic;FALSE
Stumpffia ;nigrorubra;NA;Microhylidae;Anura;None;Stumpffia_nigrorubra;NA;FALSE;FALSE;Extant;Endemic;Endemic;FALSE
Stumpffia ;obscoena;NA;Microhylidae;Anura;None;Stumpffia_obscoena;NA;FALSE;FALSE;Extant;Endemic;Endemic;FALSE
Stumpffia ;pardus;NA;Microhylidae;Anura;None;Stumpffia_pardus;NA;FALSE;FALSE;Extant;Endemic;Endemic;FALSE
Stumpffia ;psologlossa;NA;Microhylidae;Anura;None;Stumpffia_psologlossa;Stumpffia_psologlossa;TRUE;TRUE;Extant;Endemic;Endemic;FALSE
Stumpffia ;pygmaea;NA;Microhylidae;Anura;None;Stumpffia_pygmaea;Stumpffia_pygmaea;TRUE;TRUE;Extant;Endemic;Endemic;FALSE
Stumpffia ;roseifemoralis;NA;Microhylidae;Anura;None;Stumpffia_roseifemoralis;Stumpffia_roseifemoralis;TRUE;TRUE;Extant;Endemic;Endemic;FALSE
Stumpffia ;sorata;NA;Microhylidae;Anura;None;Stumpffia_sorata;NA;FALSE;FALSE;Extant;Endemic;Endemic;FALSE
Stumpffia ;spandei;NA;Microhylidae;Anura;None;Stumpffia_spandei;NA;FALSE;FALSE;Extant;Endemic;Endemic;FALSE
Stumpffia ;staffordi;NA;Microhylidae;Anura;None;Stumpffia_staffordi;Stumpffia_staffordi;TRUE;TRUE;Extant;Endemic;Endemic;FALSE
Stumpffia ;tetradactyla;NA;Microhylidae;Anura;None;Stumpffia_tetradactyla;Stumpffia_tetradactyla;TRUE;TRUE;Extant;Endemic;Endemic;FALSE
Stumpffia ;tridactyla;NA;Microhylidae;Anura;None;Stumpffia_tridactyla;Stumpffia_tridactyla;TRUE;TRUE;Extant;Endemic;Endemic;FALSE
Stumpffia ;yanniki;NA;Microhylidae;Anura;None;Stumpffia_yanniki;NA;FALSE;FALSE;Extant;Endemic;Endemic;FALSE
Dyscophus ;antongilii;NA;Microhylidae;Anura;Tomato Frog;Dyscophus_antongilii;Dyscophus_antongilii;TRUE;TRUE;Extant;Endemic;Endemic;FALSE
Dyscophus ;guineti;NA;Microhylidae;Anura;None;Dyscophus_guineti;Dyscophus_guineti;TRUE;TRUE;Extant;Endemic;Endemic;FALSE
Dyscophus ;insularis;NA;Microhylidae;Anura;None;Dyscophus_insularis;Dyscophus_insularis;TRUE;TRUE;Extant;Endemic;Endemic;FALSE
Paradoxophyla ;palmata;NA;Microhylidae;Anura;None;Paradoxophyla_palmata;Paradoxophyla_palmata;TRUE;TRUE;Extant;Endemic;Endemic;FALSE
Paradoxophyla ;tiarano;NA;Microhylidae;Anura;None;Paradoxophyla_tiarano;Paradoxophyla_tiarano;TRUE;TRUE;Extant;Endemic;Endemic;FALSE
Scaphiophryne ;boribory;NA;Microhylidae;Anura;None;Scaphiophryne_boribory;Scaphiophryne_boribory;TRUE;TRUE;Extant;Endemic;Endemic;FALSE
Scaphiophryne ;brevis;NA;Microhylidae;Anura;Brown Rain Frog;Scaphiophryne_brevis;Scaphiophryne_brevis;TRUE;TRUE;Extant;Endemic;Endemic;FALSE
Scaphiophryne ;calcarata;NA;Microhylidae;Anura;None;Scaphiophryne_calcarata;Scaphiophryne_calcarata;TRUE;TRUE;Extant;Endemic;Endemic;FALSE
Scaphiophryne ;gottlebei;NA;Microhylidae;Anura;"Gottlebe's Narrow-mouthed Frog; Sahon'orana (in Malagasy)";Scaphiophryne_gottlebei;Scaphiophryne_gottlebei;TRUE;TRUE;Extant;Endemic;Endemic;FALSE
Scaphiophryne ;madagascariensis;NA;Microhylidae;Anura;None;Scaphiophryne_madagascariensis;Scaphiophryne_madagascariensis;TRUE;TRUE;Extant;Endemic;Endemic;FALSE
Scaphiophryne ;marmorata;NA;Microhylidae;Anura;None;Scaphiophryne_marmorata;Scaphiophryne_marmorata;TRUE;TRUE;Extant;Endemic;Endemic;FALSE
Scaphiophryne ;matsoko;NA;Microhylidae;Anura;None;Scaphiophryne_matsoko;NA;FALSE;FALSE;Extant;Endemic;Endemic;FALSE
Scaphiophryne ;menabensis;NA;Microhylidae;Anura;None;Scaphiophryne_menabensis;Scaphiophryne_menabensis;TRUE;TRUE;Extant;Endemic;Endemic;FALSE
Scaphiophryne ;obscura;NA;Microhylidae;Anura;None;Scaphiophryne_obscura;Scaphiophryne_obscura;TRUE;FALSE;Extant;Endemic;Endemic;FALSE
Scaphiophryne ;spinosa;NA;Microhylidae;Anura;None;Scaphiophryne_spinosa;Scaphiophryne_spinosa;TRUE;TRUE;Extant;Endemic;Endemic;FALSE
Ptychadena ;mascareniensis;NA;Ptychadenidae;Anura;Mascarene ridged frog;Ptychadena_mascareniensis;Ptychadena_mascareniensis;TRUE;TRUE;Extant;Non-endemic;Non-endemic;FALSE
